               epoch,      train/box_loss,      train/obj_loss,      train/cls_loss,   metrics/precision,      metrics/recall,     metrics/mAP_0.5,metrics/mAP_0.5:0.95,        val/box_loss,        val/obj_loss,        val/cls_loss,               x/lr0,               x/lr1,               x/lr2
                   0,            0.081131,            0.022412,                   0,             0.39491,             0.31405,             0.25722,            0.054102,            0.051633,            0.011285,                   0,            0.070182,           0.0033131,           0.0033131
                   1,            0.050751,            0.011635,                   0,             0.67069,             0.79567,             0.71719,             0.28403,            0.039586,           0.0098784,                   0,            0.040169,           0.0066333,           0.0066333
                   2,            0.044558,           0.0091579,                   0,             0.75141,             0.84933,             0.82293,              0.3352,            0.036589,           0.0094848,                   0,            0.010142,           0.0099403,           0.0099403
                   3,            0.039905,           0.0069288,                   0,             0.94779,             0.95464,             0.96561,             0.53488,            0.030204,           0.0063069,                   0,           0.0099406,           0.0099406,           0.0099406
                   4,            0.035743,           0.0056073,                   0,             0.95265,             0.93716,             0.94045,             0.53482,            0.034338,            0.005411,                   0,           0.0099406,           0.0099406,           0.0099406
                   5,            0.032656,           0.0049008,                   0,             0.95628,             0.95306,             0.96575,             0.59241,            0.028947,           0.0052846,                   0,           0.0099208,           0.0099208,           0.0099208
                   6,             0.03087,           0.0044526,                   0,             0.98169,             0.98422,             0.99033,             0.63212,            0.024826,           0.0045426,                   0,            0.009901,            0.009901,            0.009901
                   7,            0.029664,           0.0042181,                   0,             0.96866,              0.9722,             0.96918,             0.62324,            0.025045,           0.0045139,                   0,           0.0098812,           0.0098812,           0.0098812
                   8,            0.027971,           0.0039467,                   0,             0.98856,             0.99098,             0.99233,             0.66979,            0.023274,           0.0041491,                   0,           0.0098614,           0.0098614,           0.0098614
                   9,            0.026841,           0.0038681,                   0,             0.99481,             0.99023,             0.99263,             0.67667,            0.022274,           0.0039543,                   0,           0.0098416,           0.0098416,           0.0098416
                  10,            0.025966,           0.0036934,                   0,              0.9596,             0.94591,             0.93704,             0.62303,            0.025321,           0.0040074,                   0,           0.0098218,           0.0098218,           0.0098218
                  11,            0.026039,            0.003712,                   0,             0.96297,             0.95567,             0.96813,             0.62744,            0.023086,           0.0040614,                   0,            0.009802,            0.009802,            0.009802
                  12,            0.025113,           0.0035828,                   0,             0.99028,             0.99249,             0.99234,             0.68896,             0.02051,             0.00368,                   0,           0.0097822,           0.0097822,           0.0097822
                  13,            0.024754,           0.0034881,                   0,             0.98284,             0.96844,             0.98102,             0.63084,            0.022519,           0.0039415,                   0,           0.0097624,           0.0097624,           0.0097624
                  14,            0.024819,           0.0034399,                   0,             0.99452,             0.99474,             0.99379,             0.68979,            0.021599,           0.0036441,                   0,           0.0097426,           0.0097426,           0.0097426
                  15,            0.024295,           0.0034598,                   0,             0.99296,             0.99324,             0.99354,             0.71562,            0.020065,           0.0035177,                   0,           0.0097228,           0.0097228,           0.0097228
                  16,            0.023348,           0.0032714,                   0,             0.99386,             0.99549,             0.99401,             0.70909,            0.020359,           0.0034965,                   0,            0.009703,            0.009703,            0.009703
                  17,            0.023138,           0.0033056,                   0,             0.99023,             0.98972,             0.99263,             0.68817,            0.020869,           0.0034776,                   0,           0.0096832,           0.0096832,           0.0096832
                  18,            0.022913,           0.0032591,                   0,             0.99252,             0.99732,             0.99311,             0.71002,            0.019731,           0.0033983,                   0,           0.0096634,           0.0096634,           0.0096634
                  19,            0.022523,            0.003218,                   0,             0.97587,              0.9722,             0.97209,             0.66159,            0.021172,           0.0035667,                   0,           0.0096436,           0.0096436,           0.0096436
                  20,            0.023175,            0.003178,                   0,             0.99095,             0.99474,             0.99375,             0.71376,            0.019139,           0.0033857,                   0,           0.0096238,           0.0096238,           0.0096238
                  21,            0.022219,             0.00318,                   0,             0.99401,              0.9974,             0.99414,             0.71577,            0.018737,           0.0033029,                   0,            0.009604,            0.009604,            0.009604
                  22,            0.022143,           0.0031289,                   0,             0.99549,             0.99467,             0.99445,              0.7193,            0.018621,           0.0033158,                   0,           0.0095842,           0.0095842,           0.0095842
                  23,            0.022259,           0.0031008,                   0,             0.99462,             0.99775,             0.99384,             0.71491,            0.019269,           0.0032932,                   0,           0.0095644,           0.0095644,           0.0095644
                  24,            0.022486,           0.0030902,                   0,             0.98688,             0.99474,             0.99072,             0.70132,            0.020006,           0.0034194,                   0,           0.0095446,           0.0095446,           0.0095446
                  25,            0.022366,           0.0030706,                   0,             0.94642,             0.87528,             0.88915,              0.5262,            0.030349,           0.0045281,                   0,           0.0095248,           0.0095248,           0.0095248
                  26,            0.022404,           0.0031323,                   0,             0.99292,             0.99624,              0.9939,             0.71427,            0.018836,           0.0032744,                   0,            0.009505,            0.009505,            0.009505
                  27,            0.022331,           0.0031346,                   0,             0.93759,             0.91736,             0.92981,             0.64513,            0.023633,           0.0038416,                   0,           0.0094852,           0.0094852,           0.0094852
                  28,            0.022225,            0.003075,                   0,             0.99452,             0.99624,             0.99374,              0.7183,            0.018748,           0.0032583,                   0,           0.0094654,           0.0094654,           0.0094654
                  29,            0.021264,           0.0030303,                   0,             0.99401,             0.99666,             0.99395,              0.7223,            0.018269,           0.0031889,                   0,           0.0094456,           0.0094456,           0.0094456
                  30,            0.021288,            0.002976,                   0,             0.99624,             0.99651,             0.99381,             0.72504,            0.018423,           0.0032464,                   0,           0.0094258,           0.0094258,           0.0094258
                  31,            0.021219,           0.0029355,                   0,             0.99251,             0.99497,             0.99326,             0.72336,            0.018957,           0.0031824,                   0,            0.009406,            0.009406,            0.009406
                  32,             0.02156,           0.0029843,                   0,             0.99318,             0.99474,             0.99343,             0.72064,            0.018149,           0.0032013,                   0,           0.0093862,           0.0093862,           0.0093862
                  33,            0.020969,               0.003,                   0,             0.99402,             0.99843,             0.99443,             0.73244,            0.018155,           0.0031385,                   0,           0.0093664,           0.0093664,           0.0093664
                  34,            0.020788,           0.0029648,                   0,             0.99438,              0.9985,             0.99357,             0.72742,            0.018542,           0.0031705,                   0,           0.0093466,           0.0093466,           0.0093466
                  35,            0.020743,            0.002964,                   0,               0.994,             0.99775,              0.9945,             0.72904,            0.017675,            0.003172,                   0,           0.0093268,           0.0093268,           0.0093268
                  36,            0.020931,           0.0029108,                   0,              0.9829,             0.98047,             0.98437,             0.69472,            0.020108,            0.003294,                   0,            0.009307,            0.009307,            0.009307
                  37,            0.021159,           0.0029159,                   0,             0.99345,             0.99699,             0.99439,             0.73693,            0.017901,           0.0031369,                   0,           0.0092872,           0.0092872,           0.0092872
                  38,            0.020595,           0.0029487,                   0,             0.99514,             0.99775,             0.99415,             0.73569,            0.017735,           0.0031108,                   0,           0.0092674,           0.0092674,           0.0092674
                  39,             0.02062,           0.0029732,                   0,               0.995,             0.99699,             0.99423,             0.72763,            0.017607,           0.0031313,                   0,           0.0092476,           0.0092476,           0.0092476
                  40,            0.020471,           0.0029139,                   0,             0.99541,              0.9985,              0.9944,             0.73625,            0.017533,           0.0031157,                   0,           0.0092278,           0.0092278,           0.0092278
                  41,            0.020446,           0.0029832,                   0,             0.99672,             0.99699,             0.99419,             0.73672,            0.017571,           0.0031134,                   0,            0.009208,            0.009208,            0.009208
                  42,            0.020846,           0.0029583,                   0,             0.99401,             0.99695,             0.99298,              0.7321,            0.017973,           0.0030945,                   0,           0.0091882,           0.0091882,           0.0091882
                  43,            0.020453,           0.0029368,                   0,             0.99522,              0.9985,             0.99432,             0.73606,            0.017551,           0.0030438,                   0,           0.0091684,           0.0091684,           0.0091684
                  44,            0.020381,           0.0029757,                   0,             0.99358,             0.99624,             0.99439,             0.73426,            0.017876,           0.0031093,                   0,           0.0091486,           0.0091486,           0.0091486
                  45,            0.020402,           0.0029197,                   0,             0.99027,             0.99456,             0.99186,             0.72769,            0.018112,           0.0031385,                   0,           0.0091288,           0.0091288,           0.0091288
                  46,              0.0203,           0.0028789,                   0,             0.99543,              0.9985,             0.99407,             0.74415,            0.017145,            0.003035,                   0,            0.009109,            0.009109,            0.009109
                  47,            0.020201,           0.0028687,                   0,              0.9947,              0.9985,             0.99378,             0.73408,            0.017373,           0.0030338,                   0,           0.0090892,           0.0090892,           0.0090892
                  48,            0.020412,           0.0029082,                   0,              0.9955,             0.99771,             0.99378,             0.73674,            0.017139,           0.0030555,                   0,           0.0090694,           0.0090694,           0.0090694
                  49,            0.020572,           0.0029106,                   0,             0.99401,             0.99684,             0.99373,             0.73353,            0.017173,           0.0030609,                   0,           0.0090496,           0.0090496,           0.0090496
                  50,            0.020024,           0.0028827,                   0,              0.9954,              0.9985,             0.99417,             0.73752,            0.017248,           0.0029964,                   0,           0.0090298,           0.0090298,           0.0090298
                  51,            0.020115,           0.0028326,                   0,              0.9955,             0.99717,             0.99432,             0.73393,            0.017396,            0.003092,                   0,             0.00901,             0.00901,             0.00901
                  52,            0.019985,           0.0029104,                   0,             0.99502,             0.99775,             0.99357,             0.74083,             0.01762,           0.0030336,                   0,           0.0089902,           0.0089902,           0.0089902
                  53,            0.019969,           0.0028387,                   0,             0.99439,             0.99925,              0.9943,             0.73561,            0.017535,           0.0030495,                   0,           0.0089704,           0.0089704,           0.0089704
                  54,            0.019848,           0.0028882,                   0,             0.99474,             0.99443,             0.99382,             0.72785,            0.017778,           0.0030459,                   0,           0.0089506,           0.0089506,           0.0089506
                  55,            0.019962,           0.0028588,                   0,             0.99436,              0.9985,             0.99383,             0.73793,            0.017443,           0.0030687,                   0,           0.0089308,           0.0089308,           0.0089308
                  56,            0.020019,           0.0028841,                   0,             0.99125,             0.99549,             0.99311,             0.72326,            0.018068,           0.0031315,                   0,            0.008911,            0.008911,            0.008911
                  57,            0.020192,           0.0028451,                   0,             0.99558,             0.99624,             0.99366,             0.73996,            0.017348,           0.0030216,                   0,           0.0088912,           0.0088912,           0.0088912
                  58,            0.019699,           0.0028452,                   0,             0.99459,              0.9985,             0.99387,             0.74614,            0.017028,            0.003006,                   0,           0.0088714,           0.0088714,           0.0088714
                  59,            0.019809,           0.0028669,                   0,             0.99369,             0.99775,             0.99347,             0.74202,            0.017157,           0.0029935,                   0,           0.0088516,           0.0088516,           0.0088516
                  60,            0.019416,           0.0027764,                   0,             0.99483,             0.99775,             0.99339,             0.74172,            0.017378,           0.0029697,                   0,           0.0088318,           0.0088318,           0.0088318
                  61,            0.019561,           0.0028034,                   0,             0.99331,             0.99775,             0.99419,             0.74333,            0.017044,           0.0029863,                   0,            0.008812,            0.008812,            0.008812
                  62,            0.019675,            0.002831,                   0,             0.99475,              0.9985,             0.99369,             0.74067,            0.016868,           0.0029691,                   0,           0.0087922,           0.0087922,           0.0087922
                  63,            0.019466,           0.0027941,                   0,             0.99475,             0.99689,             0.99359,             0.74584,            0.016449,           0.0029891,                   0,           0.0087724,           0.0087724,           0.0087724
                  64,            0.019529,            0.002834,                   0,             0.99314,             0.99775,             0.99364,             0.74345,            0.016941,           0.0029866,                   0,           0.0087526,           0.0087526,           0.0087526
                  65,            0.019404,           0.0027865,                   0,              0.9924,             0.99925,             0.99342,             0.74682,            0.016724,           0.0029701,                   0,           0.0087328,           0.0087328,           0.0087328
                  66,            0.019595,           0.0028076,                   0,             0.99166,             0.99925,             0.99344,             0.74093,            0.017146,           0.0029762,                   0,            0.008713,            0.008713,            0.008713
                  67,            0.019971,            0.002806,                   0,             0.99375,             0.99699,             0.99311,             0.74638,            0.016936,           0.0029765,                   0,           0.0086932,           0.0086932,           0.0086932
                  68,            0.019537,           0.0028514,                   0,             0.99454,             0.99624,             0.99343,             0.74803,            0.016984,           0.0029733,                   0,           0.0086734,           0.0086734,           0.0086734
                  69,             0.01932,           0.0028271,                   0,             0.99179,             0.99839,             0.99327,             0.74614,            0.016701,            0.002981,                   0,           0.0086536,           0.0086536,           0.0086536
                  70,            0.019837,           0.0028387,                   0,             0.99366,             0.99474,              0.9929,             0.74035,            0.016994,           0.0029929,                   0,           0.0086338,           0.0086338,           0.0086338
                  71,            0.020087,           0.0027912,                   0,             0.99296,             0.99699,             0.99429,             0.74437,            0.016709,           0.0029823,                   0,            0.008614,            0.008614,            0.008614
                  72,             0.01956,           0.0027938,                   0,              0.9914,             0.99624,             0.99371,             0.74278,             0.01671,           0.0030148,                   0,           0.0085942,           0.0085942,           0.0085942
                  73,            0.019339,           0.0027762,                   0,             0.99328,              0.9992,             0.99402,             0.74634,            0.016603,           0.0029566,                   0,           0.0085744,           0.0085744,           0.0085744
                  74,            0.019357,           0.0027514,                   0,             0.99456,             0.99699,             0.99323,             0.74726,            0.016768,           0.0029484,                   0,           0.0085546,           0.0085546,           0.0085546
                  75,            0.019139,           0.0027441,                   0,             0.99476,             0.99822,             0.99418,               0.745,            0.016916,           0.0029721,                   0,           0.0085348,           0.0085348,           0.0085348
                  76,            0.019563,           0.0027655,                   0,             0.99459,              0.9985,             0.99432,             0.74845,            0.016521,            0.002927,                   0,            0.008515,            0.008515,            0.008515
                  77,            0.019166,           0.0027918,                   0,             0.99396,             0.99925,             0.99405,             0.74685,            0.016702,           0.0029259,                   0,           0.0084952,           0.0084952,           0.0084952
                  78,            0.019321,           0.0027809,                   0,             0.99527,              0.9985,             0.99372,             0.74773,             0.01645,           0.0029284,                   0,           0.0084754,           0.0084754,           0.0084754
                  79,            0.019347,           0.0028155,                   0,              0.9939,             0.99775,             0.99401,             0.74551,            0.016669,           0.0029249,                   0,           0.0084556,           0.0084556,           0.0084556
                  80,             0.01897,            0.002803,                   0,             0.99495,             0.99699,             0.99411,             0.74266,            0.016305,           0.0029378,                   0,           0.0084358,           0.0084358,           0.0084358
                  81,             0.01929,           0.0027838,                   0,             0.99476,             0.99771,             0.99398,             0.74365,             0.01649,           0.0029236,                   0,            0.008416,            0.008416,            0.008416
                  82,            0.018739,            0.002746,                   0,              0.9946,             0.99775,             0.99393,             0.74747,            0.016534,           0.0029123,                   0,           0.0083962,           0.0083962,           0.0083962
                  83,            0.019306,           0.0027692,                   0,             0.99401,             0.99688,              0.9936,             0.74733,            0.016608,           0.0029089,                   0,           0.0083764,           0.0083764,           0.0083764
                  84,            0.018901,           0.0027269,                   0,             0.99476,             0.99848,             0.99385,             0.75077,            0.016433,           0.0028964,                   0,           0.0083566,           0.0083566,           0.0083566
                  85,            0.019277,           0.0027888,                   0,             0.99319,             0.99925,             0.99394,             0.74841,            0.016338,           0.0029172,                   0,           0.0083368,           0.0083368,           0.0083368
                  86,            0.019005,           0.0027699,                   0,             0.99401,             0.99751,             0.99371,             0.75326,            0.016298,           0.0028956,                   0,            0.008317,            0.008317,            0.008317
                  87,             0.01903,             0.00276,                   0,             0.99476,             0.99881,               0.994,             0.74352,            0.016301,           0.0029072,                   0,           0.0082972,           0.0082972,           0.0082972
                  88,             0.01889,           0.0027867,                   0,             0.99392,             0.99925,             0.99379,             0.74501,            0.016379,           0.0029205,                   0,           0.0082774,           0.0082774,           0.0082774
                  89,            0.019314,            0.002737,                   0,             0.99313,             0.99925,             0.99357,             0.74687,            0.016232,           0.0029026,                   0,           0.0082576,           0.0082576,           0.0082576
                  90,            0.018872,           0.0027367,                   0,             0.99267,              0.9985,              0.9934,             0.75203,            0.016194,           0.0028831,                   0,           0.0082378,           0.0082378,           0.0082378
                  91,            0.018997,           0.0027317,                   0,             0.99458,             0.99775,             0.99402,              0.7512,            0.016141,           0.0028762,                   0,            0.008218,            0.008218,            0.008218
                  92,            0.018646,           0.0027752,                   0,             0.99245,             0.99699,             0.99327,             0.75251,            0.016308,           0.0028658,                   0,           0.0081982,           0.0081982,           0.0081982
                  93,            0.019197,           0.0027847,                   0,             0.99147,             0.99699,             0.99305,             0.74882,            0.016356,           0.0028744,                   0,           0.0081784,           0.0081784,           0.0081784
                  94,            0.019044,           0.0027567,                   0,             0.99324,             0.99699,             0.99373,             0.75271,            0.016257,           0.0028681,                   0,           0.0081586,           0.0081586,           0.0081586
                  95,            0.019174,           0.0027549,                   0,             0.99338,             0.99699,             0.99406,             0.75456,            0.016024,           0.0028799,                   0,           0.0081388,           0.0081388,           0.0081388
                  96,            0.019105,           0.0027575,                   0,             0.99401,             0.99812,             0.99415,             0.75481,            0.016053,           0.0028945,                   0,            0.008119,            0.008119,            0.008119
                  97,            0.019116,           0.0027543,                   0,             0.99401,             0.99691,             0.99397,             0.75223,            0.016151,           0.0028834,                   0,           0.0080992,           0.0080992,           0.0080992
                  98,             0.01916,           0.0027512,                   0,             0.99386,             0.99925,             0.99397,             0.75256,            0.016158,           0.0028821,                   0,           0.0080794,           0.0080794,           0.0080794
                  99,            0.019098,           0.0028025,                   0,             0.99476,             0.99774,             0.99416,             0.75503,            0.016116,           0.0028822,                   0,           0.0080596,           0.0080596,           0.0080596
                 100,             0.01916,           0.0027199,                   0,             0.99454,             0.99699,             0.99417,             0.75125,            0.016123,           0.0028914,                   0,           0.0080398,           0.0080398,           0.0080398
                 101,            0.019063,           0.0027731,                   0,             0.99511,             0.99775,              0.9939,             0.75045,            0.016188,           0.0028931,                   0,             0.00802,             0.00802,             0.00802
                 102,            0.018762,           0.0027783,                   0,              0.9955,              0.9983,              0.9941,             0.74945,            0.016159,           0.0028776,                   0,           0.0080002,           0.0080002,           0.0080002
                 103,            0.018855,           0.0026955,                   0,             0.99547,             0.99775,             0.99415,             0.75196,            0.016184,           0.0028737,                   0,           0.0079804,           0.0079804,           0.0079804
                 104,            0.018568,            0.002745,                   0,             0.99508,             0.99699,             0.99379,             0.75154,            0.016318,           0.0028719,                   0,           0.0079606,           0.0079606,           0.0079606
                 105,            0.018773,           0.0027368,                   0,             0.99513,             0.99775,               0.994,             0.75333,            0.016284,           0.0028619,                   0,           0.0079408,           0.0079408,           0.0079408
                 106,            0.018848,           0.0027602,                   0,              0.9955,             0.99828,             0.99404,             0.75528,            0.016212,           0.0028535,                   0,            0.007921,            0.007921,            0.007921
                 107,            0.018584,           0.0027522,                   0,             0.99421,             0.99775,               0.994,             0.75541,            0.016141,           0.0028528,                   0,           0.0079012,           0.0079012,           0.0079012
                 108,            0.018659,            0.002712,                   0,             0.99544,             0.99925,              0.9942,              0.7563,            0.016081,           0.0028498,                   0,           0.0078814,           0.0078814,           0.0078814
                 109,            0.018609,           0.0026952,                   0,             0.99544,             0.99925,             0.99428,             0.75381,            0.016032,           0.0028451,                   0,           0.0078616,           0.0078616,           0.0078616
                 110,            0.018314,           0.0027051,                   0,             0.99528,             0.99925,             0.99393,             0.75433,            0.016076,           0.0028479,                   0,           0.0078418,           0.0078418,           0.0078418
                 111,            0.018716,           0.0027018,                   0,             0.99551,             0.99911,             0.99404,             0.75493,            0.016083,           0.0028474,                   0,            0.007822,            0.007822,            0.007822
                 112,             0.01839,           0.0027194,                   0,             0.99385,             0.99925,             0.99413,             0.75618,            0.016147,           0.0028429,                   0,           0.0078022,           0.0078022,           0.0078022
                 113,            0.018341,            0.002701,                   0,              0.9951,             0.99775,             0.99397,             0.75404,             0.01605,           0.0028388,                   0,           0.0077824,           0.0077824,           0.0077824
                 114,            0.018595,           0.0027402,                   0,             0.99401,             0.99698,             0.99363,             0.75346,            0.016131,           0.0028336,                   0,           0.0077626,           0.0077626,           0.0077626
                 115,            0.018944,           0.0027237,                   0,             0.99476,              0.9983,             0.99401,             0.75254,             0.01625,           0.0028415,                   0,           0.0077428,           0.0077428,           0.0077428
                 116,            0.018765,           0.0027693,                   0,             0.99401,              0.9977,             0.99361,             0.75446,            0.016114,           0.0028452,                   0,            0.007723,            0.007723,            0.007723
                 117,            0.018767,           0.0027608,                   0,             0.99322,             0.99775,             0.99394,             0.75578,            0.016027,           0.0028439,                   0,           0.0077032,           0.0077032,           0.0077032
                 118,            0.018817,           0.0027817,                   0,               0.995,             0.99775,             0.99399,             0.75477,            0.016118,           0.0028505,                   0,           0.0076834,           0.0076834,           0.0076834
                 119,             0.01884,           0.0027379,                   0,             0.99476,             0.99914,             0.99427,             0.75667,            0.016137,           0.0028482,                   0,           0.0076636,           0.0076636,           0.0076636
                 120,            0.018371,           0.0027289,                   0,             0.99476,             0.99849,             0.99422,             0.75819,            0.016078,           0.0028388,                   0,           0.0076438,           0.0076438,           0.0076438
                 121,            0.018209,           0.0026338,                   0,             0.99353,             0.99925,             0.99411,             0.75668,            0.016092,             0.00284,                   0,            0.007624,            0.007624,            0.007624
                 122,            0.018626,           0.0027334,                   0,             0.99311,              0.9985,              0.9939,             0.75456,             0.01616,           0.0028513,                   0,           0.0076042,           0.0076042,           0.0076042
                 123,            0.018502,           0.0027035,                   0,             0.99328,              0.9991,             0.99412,             0.75469,            0.016155,           0.0028583,                   0,           0.0075844,           0.0075844,           0.0075844
                 124,            0.018317,           0.0026928,                   0,             0.99317,              0.9985,             0.99424,             0.75684,            0.016153,           0.0028515,                   0,           0.0075646,           0.0075646,           0.0075646
                 125,            0.018061,           0.0026609,                   0,             0.99393,             0.99775,             0.99426,             0.75783,            0.016043,           0.0028432,                   0,           0.0075448,           0.0075448,           0.0075448
                 126,            0.018441,           0.0026715,                   0,             0.99402,             0.99842,             0.99424,             0.75657,            0.016076,           0.0028432,                   0,            0.007525,            0.007525,            0.007525
                 127,            0.018064,           0.0026886,                   0,             0.99401,              0.9985,             0.99432,               0.758,            0.016114,           0.0028364,                   0,           0.0075052,           0.0075052,           0.0075052
                 128,             0.01826,           0.0026585,                   0,             0.99402,             0.99845,             0.99447,             0.75701,            0.016125,           0.0028311,                   0,           0.0074854,           0.0074854,           0.0074854
                 129,            0.018304,           0.0027455,                   0,             0.99402,             0.99842,             0.99456,             0.75714,            0.016103,           0.0028283,                   0,           0.0074656,           0.0074656,           0.0074656
                 130,            0.018442,           0.0027067,                   0,             0.99377,             0.99775,             0.99453,             0.75777,            0.016079,           0.0028306,                   0,           0.0074458,           0.0074458,           0.0074458
                 131,            0.018316,           0.0026475,                   0,             0.99386,             0.99775,             0.99449,             0.75899,            0.016074,           0.0028273,                   0,            0.007426,            0.007426,            0.007426
                 132,            0.018008,           0.0026582,                   0,             0.99385,             0.99775,             0.99448,             0.75933,            0.016048,           0.0028294,                   0,           0.0074062,           0.0074062,           0.0074062
                 133,             0.01832,           0.0026632,                   0,             0.99402,             0.99846,             0.99451,             0.75911,            0.016073,           0.0028289,                   0,           0.0073864,           0.0073864,           0.0073864
                 134,            0.018082,           0.0026303,                   0,             0.99402,             0.99848,             0.99444,             0.75728,            0.016039,           0.0028257,                   0,           0.0073666,           0.0073666,           0.0073666
                 135,            0.018171,           0.0026238,                   0,             0.99402,             0.99844,             0.99426,             0.75895,            0.016068,           0.0028284,                   0,           0.0073468,           0.0073468,           0.0073468
                 136,            0.018302,           0.0026971,                   0,             0.99402,             0.99844,             0.99434,             0.75878,            0.016066,            0.002823,                   0,            0.007327,            0.007327,            0.007327
                 137,             0.01854,           0.0027293,                   0,             0.99399,              0.9985,             0.99442,             0.75837,            0.016082,            0.002819,                   0,           0.0073072,           0.0073072,           0.0073072
                 138,            0.018236,           0.0026831,                   0,             0.99501,             0.99775,             0.99441,             0.75434,            0.016109,           0.0028206,                   0,           0.0072874,           0.0072874,           0.0072874
                 139,            0.018198,           0.0026879,                   0,               0.994,             0.99925,             0.99421,             0.75444,             0.01606,           0.0028233,                   0,           0.0072676,           0.0072676,           0.0072676
                 140,            0.018339,           0.0026906,                   0,             0.99402,              0.9992,             0.99425,              0.7545,            0.015984,           0.0028228,                   0,           0.0072478,           0.0072478,           0.0072478
                 141,             0.01815,           0.0026833,                   0,             0.99402,             0.99922,             0.99423,             0.75416,            0.015936,           0.0028253,                   0,            0.007228,            0.007228,            0.007228
                 142,            0.017954,           0.0026872,                   0,             0.99392,             0.99925,             0.99421,             0.75348,            0.015902,           0.0028203,                   0,           0.0072082,           0.0072082,           0.0072082
                 143,            0.018185,           0.0026375,                   0,             0.99394,             0.99925,             0.99422,             0.75452,            0.015905,           0.0028176,                   0,           0.0071884,           0.0071884,           0.0071884
                 144,            0.018375,           0.0026653,                   0,             0.99394,             0.99925,             0.99413,             0.75558,            0.015878,            0.002815,                   0,           0.0071686,           0.0071686,           0.0071686
                 145,            0.018348,           0.0026784,                   0,             0.99402,             0.99915,             0.99421,             0.75665,            0.015869,           0.0028173,                   0,           0.0071488,           0.0071488,           0.0071488
                 146,            0.018368,           0.0026784,                   0,             0.99402,             0.99922,             0.99423,             0.75772,            0.015884,           0.0028188,                   0,            0.007129,            0.007129,            0.007129
                 147,            0.018026,           0.0026496,                   0,             0.99392,             0.99925,             0.99418,             0.75846,            0.015912,           0.0028217,                   0,           0.0071092,           0.0071092,           0.0071092
                 148,            0.018083,           0.0026543,                   0,             0.99381,             0.99925,             0.99409,             0.75801,            0.015935,           0.0028194,                   0,           0.0070894,           0.0070894,           0.0070894
                 149,            0.018183,           0.0026676,                   0,             0.99379,             0.99925,             0.99409,             0.75605,            0.015942,           0.0028183,                   0,           0.0070696,           0.0070696,           0.0070696
                 150,            0.018695,           0.0028076,                   0,             0.99402,             0.99923,             0.99407,             0.75458,            0.015937,           0.0028172,                   0,           0.0070498,           0.0070498,           0.0070498
                 151,              0.0184,            0.002682,                   0,             0.99387,             0.99925,             0.99407,             0.75407,            0.015924,           0.0028171,                   0,             0.00703,             0.00703,             0.00703
                 152,             0.01807,           0.0026693,                   0,             0.99388,             0.99925,             0.99409,             0.75587,              0.0159,           0.0028136,                   0,           0.0070102,           0.0070102,           0.0070102
                 153,            0.018122,           0.0026774,                   0,             0.99387,             0.99925,             0.99408,             0.75586,            0.015879,           0.0028161,                   0,           0.0069904,           0.0069904,           0.0069904
                 154,            0.018288,            0.002708,                   0,             0.99391,             0.99925,             0.99408,             0.75542,            0.015864,           0.0028153,                   0,           0.0069706,           0.0069706,           0.0069706
                 155,            0.018273,           0.0026966,                   0,             0.99379,             0.99925,              0.9941,              0.7567,            0.015849,           0.0028118,                   0,           0.0069508,           0.0069508,           0.0069508
                 156,            0.017988,           0.0026892,                   0,             0.99367,             0.99925,             0.99416,             0.75663,            0.015852,           0.0028085,                   0,            0.006931,            0.006931,            0.006931
                 157,            0.018044,           0.0026606,                   0,             0.99376,             0.99925,             0.99412,             0.75704,            0.015861,            0.002806,                   0,           0.0069112,           0.0069112,           0.0069112
                 158,            0.017811,           0.0026226,                   0,             0.99385,             0.99925,             0.99413,             0.75743,            0.015846,           0.0028011,                   0,           0.0068914,           0.0068914,           0.0068914
                 159,             0.01801,           0.0026435,                   0,             0.99395,             0.99925,             0.99413,             0.75888,            0.015835,            0.002797,                   0,           0.0068716,           0.0068716,           0.0068716
                 160,            0.018212,           0.0026704,                   0,             0.99402,             0.99916,             0.99418,             0.75873,            0.015848,           0.0027966,                   0,           0.0068518,           0.0068518,           0.0068518
                 161,            0.018323,           0.0026698,                   0,             0.99402,             0.99909,              0.9942,             0.75878,            0.015861,           0.0027976,                   0,            0.006832,            0.006832,            0.006832
                 162,            0.018245,           0.0027309,                   0,             0.99402,             0.99915,             0.99419,             0.75907,            0.015853,           0.0027931,                   0,           0.0068122,           0.0068122,           0.0068122
                 163,            0.018396,           0.0026745,                   0,             0.99402,             0.99909,             0.99418,              0.7597,            0.015845,           0.0027927,                   0,           0.0067924,           0.0067924,           0.0067924
                 164,            0.018377,           0.0026792,                   0,             0.99402,             0.99912,             0.99421,             0.75915,            0.015853,           0.0027918,                   0,           0.0067726,           0.0067726,           0.0067726
                 165,            0.017947,           0.0026185,                   0,             0.99402,             0.99911,             0.99422,             0.75967,            0.015858,            0.002792,                   0,           0.0067528,           0.0067528,           0.0067528
                 166,             0.01798,           0.0026495,                   0,             0.99402,              0.9991,             0.99423,             0.75897,            0.015863,           0.0027919,                   0,            0.006733,            0.006733,            0.006733
                 167,            0.017991,           0.0026196,                   0,             0.99394,              0.9985,             0.99425,              0.7599,            0.015854,            0.002793,                   0,           0.0067132,           0.0067132,           0.0067132
                 168,            0.017952,           0.0026785,                   0,               0.994,              0.9985,             0.99426,             0.75973,            0.015859,           0.0027935,                   0,           0.0066934,           0.0066934,           0.0066934
                 169,            0.017979,           0.0026775,                   0,             0.99402,             0.99848,             0.99426,              0.7592,            0.015855,           0.0027938,                   0,           0.0066736,           0.0066736,           0.0066736
                 170,            0.017952,           0.0026238,                   0,             0.99402,             0.99843,             0.99425,             0.75902,            0.015863,           0.0027946,                   0,           0.0066538,           0.0066538,           0.0066538
                 171,            0.017761,           0.0026681,                   0,             0.99402,             0.99842,             0.99423,             0.75833,            0.015861,           0.0027945,                   0,            0.006634,            0.006634,            0.006634
                 172,            0.018028,           0.0025993,                   0,             0.99402,             0.99841,             0.99421,             0.75851,            0.015861,           0.0027939,                   0,           0.0066142,           0.0066142,           0.0066142
                 173,            0.017939,           0.0026111,                   0,             0.99402,             0.99838,             0.99422,             0.75873,            0.015853,           0.0027938,                   0,           0.0065944,           0.0065944,           0.0065944
                 174,            0.017648,           0.0026657,                   0,             0.99476,             0.99773,             0.99423,             0.75837,            0.015841,           0.0027943,                   0,           0.0065746,           0.0065746,           0.0065746
                 175,            0.017651,           0.0026661,                   0,             0.99466,             0.99775,             0.99423,             0.75779,            0.015827,           0.0027938,                   0,           0.0065548,           0.0065548,           0.0065548
                 176,            0.017878,            0.002634,                   0,             0.99463,             0.99775,             0.99422,             0.75892,            0.015814,           0.0027936,                   0,            0.006535,            0.006535,            0.006535
                 177,            0.017633,           0.0026382,                   0,             0.99475,             0.99733,             0.99424,             0.75936,            0.015806,           0.0027925,                   0,           0.0065152,           0.0065152,           0.0065152
                 178,             0.01771,           0.0026283,                   0,             0.99495,             0.99775,             0.99421,             0.75944,            0.015814,           0.0027925,                   0,           0.0064954,           0.0064954,           0.0064954
                 179,            0.017776,           0.0026472,                   0,             0.99523,             0.99775,             0.99424,             0.75892,            0.015807,           0.0027926,                   0,           0.0064756,           0.0064756,           0.0064756
                 180,            0.017832,           0.0026527,                   0,             0.99476,             0.99838,             0.99423,              0.7593,            0.015805,           0.0027917,                   0,           0.0064558,           0.0064558,           0.0064558
                 181,            0.017805,           0.0026252,                   0,             0.99476,              0.9984,             0.99422,             0.75959,            0.015808,            0.002791,                   0,            0.006436,            0.006436,            0.006436
                 182,            0.017657,           0.0025955,                   0,             0.99476,             0.99841,             0.99423,             0.75937,            0.015805,           0.0027905,                   0,           0.0064162,           0.0064162,           0.0064162
                 183,             0.01773,           0.0026158,                   0,             0.99476,             0.99842,             0.99421,             0.75972,            0.015807,             0.00279,                   0,           0.0063964,           0.0063964,           0.0063964
                 184,             0.01781,           0.0026103,                   0,             0.99476,             0.99846,             0.99423,             0.75885,            0.015798,           0.0027893,                   0,           0.0063766,           0.0063766,           0.0063766
                 185,            0.017462,           0.0026242,                   0,             0.99476,             0.99849,             0.99424,              0.7584,            0.015796,           0.0027886,                   0,           0.0063568,           0.0063568,           0.0063568
                 186,            0.017657,           0.0026209,                   0,             0.99473,              0.9985,             0.99421,             0.75828,            0.015795,           0.0027883,                   0,            0.006337,            0.006337,            0.006337
                 187,            0.017515,           0.0026193,                   0,             0.99472,              0.9985,             0.99418,             0.75863,            0.015783,           0.0027875,                   0,           0.0063172,           0.0063172,           0.0063172
                 188,            0.017511,           0.0026103,                   0,             0.99471,              0.9985,             0.99419,             0.75897,            0.015791,           0.0027873,                   0,           0.0062974,           0.0062974,           0.0062974
                 189,            0.017682,             0.00259,                   0,              0.9947,              0.9985,             0.99419,             0.75904,            0.015796,           0.0027872,                   0,           0.0062776,           0.0062776,           0.0062776
                 190,            0.017488,           0.0026494,                   0,             0.99468,              0.9985,             0.99418,             0.75907,            0.015806,            0.002787,                   0,           0.0062578,           0.0062578,           0.0062578
                 191,            0.017603,           0.0026362,                   0,             0.99464,              0.9985,             0.99417,              0.7592,            0.015807,           0.0027859,                   0,            0.006238,            0.006238,            0.006238
                 192,            0.018005,           0.0025966,                   0,             0.99461,              0.9985,             0.99416,             0.75867,            0.015811,           0.0027854,                   0,           0.0062182,           0.0062182,           0.0062182
                 193,            0.017559,           0.0026255,                   0,             0.99462,              0.9985,             0.99415,             0.75888,            0.015809,           0.0027846,                   0,           0.0061984,           0.0061984,           0.0061984
                 194,            0.017548,           0.0026432,                   0,             0.99463,              0.9985,             0.99414,              0.7589,            0.015803,           0.0027838,                   0,           0.0061786,           0.0061786,           0.0061786
                 195,            0.017652,           0.0026234,                   0,             0.99461,              0.9985,             0.99414,              0.7587,            0.015801,           0.0027834,                   0,           0.0061588,           0.0061588,           0.0061588
                 196,             0.01759,           0.0026219,                   0,             0.99461,              0.9985,             0.99415,             0.75792,              0.0158,           0.0027831,                   0,            0.006139,            0.006139,            0.006139
                 197,            0.017535,            0.002626,                   0,              0.9946,              0.9985,             0.99416,             0.75834,            0.015796,           0.0027828,                   0,           0.0061192,           0.0061192,           0.0061192
                 198,            0.017341,           0.0026229,                   0,             0.99457,              0.9985,             0.99417,               0.758,            0.015789,           0.0027818,                   0,           0.0060994,           0.0060994,           0.0060994
                 199,            0.017503,           0.0025788,                   0,             0.99458,              0.9985,             0.99416,             0.75849,            0.015789,           0.0027805,                   0,           0.0060796,           0.0060796,           0.0060796
                 200,            0.017562,           0.0025851,                   0,             0.99457,              0.9985,             0.99416,             0.75796,            0.015784,             0.00278,                   0,           0.0060598,           0.0060598,           0.0060598
                 201,            0.017678,           0.0026005,                   0,             0.99457,              0.9985,             0.99414,             0.75865,            0.015777,           0.0027798,                   0,             0.00604,             0.00604,             0.00604
                 202,            0.017537,           0.0025861,                   0,             0.99456,              0.9985,             0.99417,             0.75838,            0.015772,           0.0027796,                   0,           0.0060202,           0.0060202,           0.0060202
                 203,            0.017295,            0.002623,                   0,             0.99456,              0.9985,             0.99413,             0.75878,            0.015771,           0.0027791,                   0,           0.0060004,           0.0060004,           0.0060004
                 204,            0.017445,           0.0026605,                   0,             0.99456,              0.9985,             0.99414,             0.75787,            0.015762,           0.0027784,                   0,           0.0059806,           0.0059806,           0.0059806
                 205,            0.017388,           0.0026015,                   0,             0.99455,              0.9985,             0.99414,             0.75775,            0.015756,           0.0027775,                   0,           0.0059608,           0.0059608,           0.0059608
                 206,            0.017225,           0.0025882,                   0,             0.99459,              0.9985,             0.99414,             0.75849,            0.015749,           0.0027767,                   0,            0.005941,            0.005941,            0.005941
                 207,            0.017821,           0.0025984,                   0,             0.99457,              0.9985,             0.99416,             0.75881,            0.015745,           0.0027766,                   0,           0.0059212,           0.0059212,           0.0059212
                 208,            0.017468,           0.0026056,                   0,             0.99454,              0.9985,             0.99416,             0.75865,            0.015744,           0.0027765,                   0,           0.0059014,           0.0059014,           0.0059014
                 209,            0.017772,           0.0026008,                   0,             0.99449,              0.9985,             0.99416,             0.75882,            0.015748,           0.0027772,                   0,           0.0058816,           0.0058816,           0.0058816
                 210,            0.017493,           0.0026312,                   0,             0.99448,              0.9985,             0.99415,             0.75853,            0.015745,           0.0027774,                   0,           0.0058618,           0.0058618,           0.0058618
                 211,            0.017302,           0.0025697,                   0,             0.99447,              0.9985,             0.99416,             0.75886,            0.015748,           0.0027773,                   0,            0.005842,            0.005842,            0.005842
                 212,            0.017634,           0.0026679,                   0,             0.99447,              0.9985,             0.99415,             0.75877,            0.015743,           0.0027768,                   0,           0.0058222,           0.0058222,           0.0058222
                 213,            0.017247,           0.0025744,                   0,             0.99446,              0.9985,             0.99415,             0.75964,             0.01574,           0.0027768,                   0,           0.0058024,           0.0058024,           0.0058024
                 214,            0.017447,           0.0025969,                   0,             0.99448,              0.9985,             0.99415,             0.75931,            0.015739,           0.0027766,                   0,           0.0057826,           0.0057826,           0.0057826
                 215,            0.017497,           0.0026094,                   0,             0.99455,              0.9985,             0.99415,             0.75925,            0.015738,           0.0027769,                   0,           0.0057628,           0.0057628,           0.0057628
                 216,             0.01736,            0.002609,                   0,             0.99456,              0.9985,             0.99413,             0.75892,            0.015741,           0.0027764,                   0,            0.005743,            0.005743,            0.005743
                 217,            0.017199,            0.002603,                   0,             0.99457,              0.9985,             0.99415,             0.75868,            0.015741,           0.0027759,                   0,           0.0057232,           0.0057232,           0.0057232
                 218,            0.017211,           0.0025928,                   0,             0.99459,              0.9985,             0.99415,             0.75921,            0.015742,           0.0027759,                   0,           0.0057034,           0.0057034,           0.0057034
                 219,            0.017302,           0.0026175,                   0,             0.99458,              0.9985,             0.99415,             0.75898,            0.015742,           0.0027754,                   0,           0.0056836,           0.0056836,           0.0056836
                 220,            0.017262,           0.0026058,                   0,              0.9946,              0.9985,             0.99414,             0.75916,            0.015743,           0.0027751,                   0,           0.0056638,           0.0056638,           0.0056638
                 221,            0.017237,           0.0025687,                   0,             0.99461,              0.9985,             0.99413,             0.75922,            0.015745,           0.0027752,                   0,            0.005644,            0.005644,            0.005644
                 222,            0.017204,           0.0026044,                   0,             0.99465,              0.9985,             0.99411,             0.75905,            0.015748,           0.0027754,                   0,           0.0056242,           0.0056242,           0.0056242
                 223,            0.017101,           0.0025766,                   0,             0.99468,              0.9985,             0.99412,             0.75905,            0.015746,           0.0027752,                   0,           0.0056044,           0.0056044,           0.0056044
                 224,            0.017179,            0.002592,                   0,             0.99474,              0.9985,             0.99412,             0.75883,            0.015745,           0.0027748,                   0,           0.0055846,           0.0055846,           0.0055846
                 225,            0.017466,           0.0026169,                   0,             0.99476,             0.99849,             0.99412,             0.75889,            0.015744,           0.0027747,                   0,           0.0055648,           0.0055648,           0.0055648
                 226,            0.017475,           0.0025558,                   0,             0.99476,             0.99845,              0.9941,             0.75881,            0.015739,           0.0027745,                   0,            0.005545,            0.005545,            0.005545
                 227,            0.017374,             0.00259,                   0,             0.99402,             0.99898,              0.9941,             0.75919,            0.015738,           0.0027745,                   0,           0.0055252,           0.0055252,           0.0055252
                 228,            0.017052,           0.0025523,                   0,             0.99476,             0.99837,             0.99412,             0.75856,            0.015736,           0.0027745,                   0,           0.0055054,           0.0055054,           0.0055054
                 229,            0.017187,           0.0025538,                   0,             0.99476,             0.99837,             0.99409,             0.75853,            0.015736,           0.0027744,                   0,           0.0054856,           0.0054856,           0.0054856
                 230,            0.016964,           0.0025833,                   0,             0.99476,             0.99834,              0.9941,             0.75859,            0.015736,           0.0027745,                   0,           0.0054658,           0.0054658,           0.0054658
                 231,            0.016833,           0.0026032,                   0,             0.99476,             0.99835,             0.99409,             0.75898,            0.015741,           0.0027746,                   0,            0.005446,            0.005446,            0.005446
                 232,            0.016925,           0.0025354,                   0,             0.99476,             0.99833,             0.99409,             0.75877,            0.015736,           0.0027739,                   0,           0.0054262,           0.0054262,           0.0054262
                 233,             0.01715,           0.0025941,                   0,             0.99476,             0.99832,              0.9941,             0.75887,            0.015738,           0.0027737,                   0,           0.0054064,           0.0054064,           0.0054064
                 234,            0.017422,           0.0025458,                   0,             0.99402,             0.99899,             0.99409,             0.75859,            0.015738,           0.0027735,                   0,           0.0053866,           0.0053866,           0.0053866
                 235,            0.017318,           0.0025747,                   0,             0.99402,             0.99901,             0.99409,              0.7586,            0.015737,           0.0027733,                   0,           0.0053668,           0.0053668,           0.0053668
                 236,            0.017364,           0.0025835,                   0,             0.99402,             0.99902,              0.9941,             0.75884,            0.015734,           0.0027728,                   0,            0.005347,            0.005347,            0.005347
                 237,            0.017228,           0.0025451,                   0,             0.99402,             0.99903,             0.99409,             0.75855,             0.01574,           0.0027726,                   0,           0.0053272,           0.0053272,           0.0053272
                 238,            0.017153,           0.0025996,                   0,             0.99402,             0.99903,             0.99406,             0.75839,             0.01574,           0.0027726,                   0,           0.0053074,           0.0053074,           0.0053074
                 239,            0.017155,            0.002546,                   0,             0.99402,             0.99903,             0.99406,             0.75828,            0.015738,           0.0027721,                   0,           0.0052876,           0.0052876,           0.0052876
                 240,            0.017086,           0.0025374,                   0,             0.99402,             0.99905,              0.9941,             0.75844,            0.015739,            0.002772,                   0,           0.0052678,           0.0052678,           0.0052678
                 241,            0.016992,           0.0026026,                   0,             0.99402,             0.99906,             0.99407,             0.75842,            0.015742,           0.0027719,                   0,            0.005248,            0.005248,            0.005248
                 242,            0.016756,           0.0025182,                   0,             0.99402,             0.99906,             0.99408,             0.75863,            0.015741,           0.0027717,                   0,           0.0052282,           0.0052282,           0.0052282
                 243,             0.01702,           0.0025602,                   0,             0.99402,             0.99907,             0.99409,             0.75853,            0.015742,           0.0027714,                   0,           0.0052084,           0.0052084,           0.0052084
                 244,            0.016796,           0.0025614,                   0,             0.99402,             0.99906,             0.99407,             0.75878,            0.015741,           0.0027712,                   0,           0.0051886,           0.0051886,           0.0051886
                 245,            0.017288,           0.0025904,                   0,             0.99402,             0.99906,             0.99408,             0.75907,             0.01574,           0.0027714,                   0,           0.0051688,           0.0051688,           0.0051688
                 246,            0.017228,           0.0025644,                   0,             0.99402,             0.99906,             0.99408,             0.75914,            0.015739,           0.0027712,                   0,            0.005149,            0.005149,            0.005149
                 247,            0.017059,            0.002585,                   0,             0.99402,             0.99905,             0.99409,             0.75949,            0.015737,           0.0027711,                   0,           0.0051292,           0.0051292,           0.0051292
                 248,            0.017152,           0.0025356,                   0,             0.99402,             0.99906,             0.99409,             0.75962,             0.01574,           0.0027712,                   0,           0.0051094,           0.0051094,           0.0051094
                 249,            0.017092,           0.0026275,                   0,             0.99402,             0.99905,             0.99408,             0.75965,            0.015737,           0.0027712,                   0,           0.0050896,           0.0050896,           0.0050896
                 250,            0.017124,           0.0025615,                   0,             0.99402,             0.99905,             0.99409,             0.75914,            0.015736,            0.002771,                   0,           0.0050698,           0.0050698,           0.0050698
                 251,            0.016753,           0.0024991,                   0,             0.99402,             0.99906,             0.99409,             0.75954,            0.015734,           0.0027709,                   0,             0.00505,             0.00505,             0.00505
                 252,            0.016972,           0.0025766,                   0,             0.99402,             0.99906,             0.99408,             0.75865,            0.015734,           0.0027707,                   0,           0.0050302,           0.0050302,           0.0050302
                 253,            0.017168,           0.0025458,                   0,             0.99402,             0.99906,             0.99408,             0.75939,            0.015732,           0.0027709,                   0,           0.0050104,           0.0050104,           0.0050104
                 254,            0.016894,           0.0025365,                   0,             0.99402,             0.99906,             0.99409,             0.75851,            0.015734,           0.0027707,                   0,           0.0049906,           0.0049906,           0.0049906
                 255,            0.016831,           0.0025326,                   0,             0.99402,             0.99906,             0.99409,             0.75909,            0.015732,            0.002771,                   0,           0.0049708,           0.0049708,           0.0049708
                 256,            0.017275,           0.0026364,                   0,             0.99402,             0.99907,             0.99409,              0.7585,            0.015734,           0.0027709,                   0,            0.004951,            0.004951,            0.004951
                 257,            0.016855,           0.0025816,                   0,             0.99402,             0.99907,              0.9941,             0.75923,            0.015734,           0.0027711,                   0,           0.0049312,           0.0049312,           0.0049312
                 258,            0.017127,           0.0025136,                   0,             0.99402,             0.99906,              0.9941,             0.75906,            0.015736,            0.002771,                   0,           0.0049114,           0.0049114,           0.0049114
                 259,            0.016752,           0.0025284,                   0,             0.99476,             0.99819,             0.99409,             0.75821,            0.015736,            0.002771,                   0,           0.0048916,           0.0048916,           0.0048916
                 260,            0.016828,           0.0025047,                   0,             0.99476,             0.99818,             0.99409,             0.75833,            0.015739,            0.002771,                   0,           0.0048718,           0.0048718,           0.0048718
                 261,            0.016789,           0.0025553,                   0,             0.99476,             0.99818,              0.9941,             0.75821,            0.015736,           0.0027711,                   0,            0.004852,            0.004852,            0.004852
                 262,             0.01684,           0.0025186,                   0,             0.99402,             0.99907,              0.9941,             0.75836,            0.015739,           0.0027708,                   0,           0.0048322,           0.0048322,           0.0048322
                 263,            0.016553,           0.0025205,                   0,             0.99385,              0.9985,              0.9941,              0.7585,            0.015742,            0.002771,                   0,           0.0048124,           0.0048124,           0.0048124
                 264,            0.016462,           0.0025508,                   0,             0.99385,              0.9985,              0.9941,             0.75827,            0.015744,           0.0027712,                   0,           0.0047926,           0.0047926,           0.0047926
                 265,            0.016539,           0.0025757,                   0,             0.99402,             0.99908,             0.99412,             0.75818,            0.015748,           0.0027709,                   0,           0.0047728,           0.0047728,           0.0047728
                 266,            0.017028,           0.0025573,                   0,             0.99387,              0.9985,             0.99409,             0.75816,             0.01575,           0.0027711,                   0,            0.004753,            0.004753,            0.004753
                 267,            0.016889,           0.0025794,                   0,             0.99402,             0.99908,             0.99409,             0.75864,            0.015752,           0.0027708,                   0,           0.0047332,           0.0047332,           0.0047332
